<?xml version="1.0" encoding="UTF-8"?>
<project-private xmlns="http://www.netbeans.org/ns/project-private/1">
    <editor-bookmarks xmlns="http://www.netbeans.org/ns/editor-bookmarks/2" lastBookmarkId="0"/>
    <open-files xmlns="http://www.netbeans.org/ns/projectui-open-files/2">
        <group>
            <file>file:/C:/Users/lab_services_student/Documents/NetBeansProjects/PROG5121part1/test/prog5121part1/TaskTest.java</file>
            <file>file:/C:/Users/lab_services_student/Documents/NetBeansProjects/PROG5121part1/test/prog5121part1/LoginTest.java</file>
            <file>file:/C:/Users/lab_services_student/Documents/NetBeansProjects/PROG5121part1/src/prog5121part1/Task.java</file>
            <file>file:/C:/Users/lab_services_student/Documents/NetBeansProjects/PROG5121part1/src/prog5121part1/Account.java</file>
        </group>
    </open-files>
</project-private>
